study,dataset,dtype,lmax,n_lebedev,expected_records,finite_records,failed_or_blocked_records,metric_panel,metric_panel_n,mae_kcal_mol,rmse_kcal_mol,reference_mae_kcal_mol,mae_change_kcal_mol,mean_abs_energy_delta_kcal_mol,max_abs_energy_delta_kcal_mol,common_gate_pass_count,full_panel_mae_kcal_mol
fp32-historical-comparison,combined,float32,15,1202,1295,1215,80,matched-finite-subset,1215,1.4110015547804695,1.9043568407512597,1.4095606220558263,0.0014409327246431847,0.0020144296347014068,1.742698947978079,0,
fp32-historical-comparison,freesolv,float32,15,1202,642,641,1,matched-finite-subset,641,1.5041986438754809,1.9628008282139657,1.5041975570552784,1.0868202025005047e-06,3.249673144464225e-05,0.0003726413744722379,0,
fp32-historical-comparison,mnsol,float32,15,1202,653,574,79,matched-finite-subset,574,1.3069260598154833,1.8368945689976475,1.3038772155494696,0.003048844266013706,0.0042277031381641,1.742698947978079,0,
fp32-original-dense,combined,float32,1,194,1295,1215,80,fixed-cds-finite,1215,1.625544851985769,2.160272097352103,1.4095606220558263,0.2159842299299426,0.5177496571215956,2.621770875004496,0,
fp32-original-dense,combined,float32,2,194,1295,1215,80,fixed-cds-finite,1215,1.5127890205527597,2.0321212634464536,1.4095606220558263,0.10322839849693333,0.3314343818572249,1.9076459951224551,0,
fp32-original-dense,combined,float32,3,194,1295,1215,80,fixed-cds-finite,1215,1.4549606996272875,1.9590483921722055,1.4095606220558263,0.04540007757146114,0.15987459843326712,1.819455001379727,0,
fp32-original-dense,combined,float32,4,194,1295,1215,80,fixed-cds-finite,1215,1.436929539858792,1.9371331204085387,1.4095606220558263,0.027368917802965687,0.10077479169591755,1.7821262456568006,0,
fp32-original-dense,combined,float32,5,194,1295,1215,80,fixed-cds-finite,1215,1.4276155066708542,1.9248336057606534,1.4095606220558263,0.01805488461502791,0.06663306679716605,1.772499137185613,0,
fp32-original-dense,combined,float32,6,194,1295,1215,80,fixed-cds-finite,1215,1.4229111300949315,1.9191892274617521,1.4095606220558263,0.013350508039105202,0.04800181257395003,1.7531954376754264,0,
fp32-original-dense,combined,float32,7,194,1295,1215,80,fixed-cds-finite,1215,1.4186855951549837,1.9140114324914048,1.4095606220558263,0.009124973099157385,0.03599535734620424,1.7473386259684407,0,
fp32-original-dense,combined,float32,1,302,1295,1215,80,fixed-cds-finite,1215,1.627721541500657,2.163309739574941,1.4095606220558263,0.21816091944483063,0.5203031456889496,2.5804034483127705,0,
fp32-original-dense,combined,float32,2,302,1295,1215,80,fixed-cds-finite,1215,1.5141778829218437,2.0340719561096474,1.4095606220558263,0.10461726086601741,0.3334590852004556,1.9076514931855453,0,
fp32-original-dense,combined,float32,3,302,1295,1215,80,fixed-cds-finite,1215,1.455554506034179,1.960481574485099,1.4095606220558263,0.04599388397835269,0.16017069483221258,1.8212772656652323,0,
fp32-original-dense,combined,float32,4,302,1295,1215,80,fixed-cds-finite,1215,1.43748144525679,1.938209105209465,1.4095606220558263,0.027920823200963563,0.10108883019219572,1.7825709015092315,0,
fp32-original-dense,combined,float32,5,302,1295,1215,80,fixed-cds-finite,1215,1.4282279115174525,1.9258932106587325,1.4095606220558263,0.018667289461626213,0.066617671301341,1.7733073524598932,0,
fp32-original-dense,combined,float32,6,302,1295,1215,80,fixed-cds-finite,1215,1.4235062729279029,1.9202887048063852,1.4095606220558263,0.013945650872076554,0.047738294230127355,1.7542531275624302,0,
fp32-original-dense,combined,float32,7,302,1295,1215,80,fixed-cds-finite,1215,1.419292655631684,1.9151568104671077,1.4095606220558263,0.009732033575857724,0.035547320055958884,1.7486767170730522,0,
fp32-original-dense,freesolv,float32,1,194,642,641,1,fixed-cds-finite,641,1.714393096476611,2.2185879656389855,1.5041975570552784,0.21019553942133262,0.5586921165007454,2.621770875004496,0,
fp32-original-dense,freesolv,float32,2,194,642,641,1,fixed-cds-finite,641,1.5971418762140124,2.080245372539067,1.5041975570552784,0.09294431915873402,0.3601604621605615,1.6333792228508273,0,
fp32-original-dense,freesolv,float32,3,194,642,641,1,fixed-cds-finite,641,1.5434976469220856,2.0119649868304443,1.5041975570552784,0.03930008986680722,0.16973118191250766,0.8409578616534636,0,
fp32-original-dense,freesolv,float32,4,194,642,641,1,fixed-cds-finite,641,1.5279534439369582,1.9925210533343578,1.5041975570552784,0.023755886881679844,0.10847224860934652,0.5448177115942201,0,
fp32-original-dense,freesolv,float32,5,194,642,641,1,fixed-cds-finite,641,1.5191469870612213,1.9812638145997392,1.5041975570552784,0.014949430005942954,0.07026984739126065,0.4173176285292115,0,
fp32-original-dense,freesolv,float32,6,194,642,641,1,fixed-cds-finite,641,1.5147808985391176,1.9762162814626363,1.5041975570552784,0.010583341483839215,0.05058068546461533,0.2998783532595102,0,
fp32-original-dense,freesolv,float32,7,194,642,641,1,fixed-cds-finite,641,1.5106123488989132,1.9711384714214368,1.5041975570552784,0.006414791843634804,0.037805999843470266,0.2323868797940296,0,
fp32-original-dense,freesolv,float32,1,302,642,641,1,fixed-cds-finite,641,1.7173919943912475,2.22300508479397,1.5041975570552784,0.2131944373359691,0.5631159634838759,2.5804034483127705,0,
fp32-original-dense,freesolv,float32,2,302,642,641,1,fixed-cds-finite,641,1.5991396088320406,2.0833587713103063,1.5041975570552784,0.09494205177676229,0.3632042191842881,1.6065569220645983,0,
fp32-original-dense,freesolv,float32,3,302,642,641,1,fixed-cds-finite,641,1.544654057361889,2.0140708749010816,1.5041975570552784,0.04045650030661063,0.17107795219432617,0.8140049818688402,0,
fp32-original-dense,freesolv,float32,4,302,642,641,1,fixed-cds-finite,641,1.5289644573612486,1.9940286493556458,1.5041975570552784,0.024766900305970285,0.1094687775032348,0.5212310209366571,0,
fp32-original-dense,freesolv,float32,5,302,642,641,1,fixed-cds-finite,641,1.520060572223067,1.9825664865176056,1.5041975570552784,0.01586301516778854,0.07074323311612304,0.3970297757258514,0,
fp32-original-dense,freesolv,float32,6,302,642,641,1,fixed-cds-finite,641,1.515475709676643,1.9774452380458107,1.5041975570552784,0.011278152621364557,0.050637166724721704,0.2574676690963926,0,
fp32-original-dense,freesolv,float32,7,302,642,641,1,fixed-cds-finite,641,1.5111787535312624,1.97221072389706,1.5041975570552784,0.006981196475984053,0.03734628074023357,0.1923802237171639,0,
fp32-original-dense,mnsol,float32,1,194,653,574,79,fixed-cds-finite,574,1.5263258193749154,2.0932300460555386,1.3038772155494696,0.22244860382544585,0.4720281998706637,2.5037795077658096,0,
fp32-original-dense,mnsol,float32,2,194,653,574,79,fixed-cds-finite,574,1.4185900998578764,1.9769958417537292,1.3038772155494696,0.11471288430840687,0.29935525733729673,1.9076459951224551,0,
fp32-original-dense,mnsol,float32,3,194,653,574,79,fixed-cds-finite,574,1.356089300296337,1.8982124316677542,1.3038772155494696,0.05221208474686745,0.14886750782317448,1.819455001379727,0,
fp32-original-dense,mnsol,float32,4,194,653,574,79,fixed-cds-finite,574,1.3352808943638363,1.873345545316222,1.3038772155494696,0.03140367881436679,0.0921788511357991,1.7821262456568006,0,
fp32-original-dense,mnsol,float32,5,194,653,574,79,fixed-cds-finite,574,1.325400038151298,1.8597940285981382,1.3038772155494696,0.021522822601828473,0.06257178393860395,1.772499137185613,0,
fp32-original-dense,mnsol,float32,6,194,653,574,79,fixed-cds-finite,574,1.320317886936877,1.8534330709442663,1.3038772155494696,0.016440671387407457,0.04512192141904331,1.7531954376754264,0,
fp32-original-dense,mnsol,float32,7,194,653,574,79,fixed-cds-finite,574,1.3160287151029653,1.8481303892056755,1.3038772155494696,0.012151499553495704,0.033973368076609244,1.7473386259684407,0,
fp32-original-dense,mnsol,float32,1,302,653,574,79,fixed-cds-finite,574,1.5275843284294575,2.0946367096004535,1.3038772155494696,0.2237071128799879,0.472493012924929,2.464515090206138,0,
fp32-original-dense,mnsol,float32,2,302,653,574,79,fixed-cds-finite,574,1.4192990217573207,1.9775808794828413,1.3038772155494696,0.11542180620785114,0.3002419582254788,1.9076514931855453,0,
fp32-original-dense,mnsol,float32,3,302,653,574,79,fixed-cds-finite,574,1.356054832861597,1.8988504179537875,1.3038772155494696,0.05217761731212733,0.14799029070483488,1.8212772656652323,0,
fp32-original-dense,mnsol,float32,4,302,653,574,79,fixed-cds-finite,574,1.3353201024711485,1.8739098794097755,1.3038772155494696,0.03144288692167896,0.09173073572115727,1.7825709015092315,0,
fp32-original-dense,mnsol,float32,5,302,653,574,79,fixed-cds-finite,574,1.3256761074890577,1.8605655876561658,1.3038772155494696,0.021798891939588172,0.062010554361837014,1.7733073524598932,0,
fp32-original-dense,mnsol,float32,6,302,653,574,79,fixed-cds-finite,574,1.320801727708491,1.854379599986277,1.3038772155494696,0.016924512159021354,0.04450105160114656,1.7542531275624302,0,
fp32-original-dense,mnsol,float32,7,302,653,574,79,fixed-cds-finite,574,1.316681176966824,1.8493641482632974,1.3038772155494696,0.012803961417354515,0.03353837615592391,1.7486767170730522,0,
fp64-grid,combined,float64,15,110,1295,106,1189,unavailable-full,0,,,1.3876564274846754,,,,,
fp64-grid,combined,float64,15,302,1295,1295,0,full,1295,1.3882172698405295,1.8736092884195403,1.3876564274846754,0.0005608423558540743,0.004537114384419201,0.07552509489012138,,1.3882172698405295
fp64-grid,combined,float64,15,590,1295,1295,0,full,1295,1.3875939601037857,1.8726632190517338,1.3876564274846754,-6.246738088977466e-05,0.001848387269851278,0.041930670231288936,,1.3875939601037857
fp64-grid,combined,float64,15,770,1295,1295,0,full,1295,1.3875963988051925,1.872662579269056,1.3876564274846754,-6.0028679482959646e-05,0.0013389174337741377,0.022044755679670125,,1.3875963988051925
fp64-grid,combined,float64,15,974,1295,1295,0,full,1295,1.3875978823632307,1.8726782927234251,1.3876564274846754,-5.854512144476409e-05,0.0011266587889889091,0.027600190752224307,,1.3875978823632307
fp64-grid,combined,float64,15,1202,1295,1295,0,full,1295,1.3876564274846754,1.8727347062266442,1.3876564274846754,0.0,0.0,0.0,,1.3876564274846754
fp64-grid,freesolv,float64,15,110,642,37,605,unavailable-full,0,,,1.5027845214571955,,,,,
fp64-grid,freesolv,float64,15,302,642,642,0,full,642,1.5030180066735892,1.9618327673353537,1.5027845214571955,0.0002334852163936585,0.0039415740720142416,0.04712931639445639,,1.5030180066735892
fp64-grid,freesolv,float64,15,590,642,642,0,full,642,1.5028223076792884,1.9614044201324288,1.5027845214571955,3.7786222092828226e-05,0.0016718918219701844,0.01883001582582411,,1.5028223076792884
fp64-grid,freesolv,float64,15,770,642,642,0,full,642,1.5028327615773576,1.9614877197042349,1.5027845214571955,4.824012016202417e-05,0.001190541021577909,0.01738422891543223,,1.5028327615773576
fp64-grid,freesolv,float64,15,974,642,642,0,full,642,1.502779953626062,1.961342362307632,1.5027845214571955,-4.567831133561739e-06,0.0009338367813671978,0.011522637372488376,,1.502779953626062
fp64-grid,freesolv,float64,15,1202,642,642,0,full,642,1.5027845214571955,1.961413462039712,1.5027845214571955,0.0,0.0,0.0,,1.5027845214571955
fp64-grid,mnsol,float64,15,110,653,69,584,unavailable-full,0,,,1.2744677041610035,,,,,
fp64-grid,mnsol,float64,15,302,653,653,0,full,653,1.2753503892175215,1.7826204812409716,1.2744677041610035,0.0008826850565180067,0.00512262262418028,0.07552509489012138,,1.2753503892175215
fp64-grid,mnsol,float64,15,590,653,653,0,full,653,1.2743066719820815,1.7811117919905508,1.2744677041610035,-0.00016103217892204924,0.0020219095938017553,0.041930670231288936,,1.2743066719820815
fp64-grid,mnsol,float64,15,770,653,653,0,full,653,1.274301230505453,1.7810202674153608,1.2744677041610035,-0.00016647365555044757,0.0014847943964540439,0.022044755679670125,,1.274301230505453
fp64-grid,mnsol,float64,15,974,653,653,0,full,653,1.2743560910144742,1.7812104067171872,1.2744677041610035,-0.0001116131465292991,0.0013162326464056602,0.027600190752224307,,1.2743560910144742
fp64-grid,mnsol,float64,15,1202,653,653,0,full,653,1.2744677041610035,1.781251057218858,1.2744677041610035,0.0,0.0,0.0,,1.2744677041610035
fp64-lmax-high,freesolv,float64,7,1202,642,642,0,full,642,1.5098343245743822,1.9709945829227673,1.5027845214571955,0.007049803117186615,0.0369490697076221,0.19571606132987007,,1.5098343245743822
fp64-lmax-high,freesolv,float64,9,1202,642,642,0,full,642,1.507450443231707,1.9675245390820235,1.5027845214571955,0.004665921774511528,0.021471720132113164,0.11668333938868436,,1.507450443231707
fp64-lmax-high,freesolv,float64,11,1202,642,642,0,full,642,1.5049652795788622,1.9642883262140969,1.5027845214571955,0.002180758121666626,0.01012344336674189,0.05644119401783598,,1.5049652795788622
fp64-lmax-high,freesolv,float64,13,1202,642,642,0,full,642,1.5038058055739358,1.962793671019613,1.5027845214571955,0.0010212841167402953,0.004201140857776593,0.021434959040895762,,1.5038058055739358
fp64-lmax-high,freesolv,float64,15,1202,642,642,0,full,642,1.5027845214571955,1.961413462039712,1.5027845214571955,0.0,0.0,0.0,,1.5027845214571955
fp64-lmax-high,mnsol,float64,7,1202,653,653,0,full,653,1.2826992646372355,1.792228113357431,1.2744677041610035,0.00823156047623197,0.02895071989533334,0.17672029421749613,,1.2826992646372355
fp64-lmax-high,mnsol,float64,9,1202,653,653,0,full,653,1.2795935707232196,1.7878642990969638,1.2744677041610035,0.00512586656221603,0.017158131501420943,0.1153856642551645,,1.2795935707232196
fp64-lmax-high,mnsol,float64,11,1202,653,653,0,full,653,1.2770763930779623,1.784478531763243,1.2744677041610035,0.002608688916958757,0.008583564927148415,0.058905638256007364,,1.2770763930779623
fp64-lmax-high,mnsol,float64,13,1202,653,653,0,full,653,1.2755750771897079,1.7826410414525262,1.2744677041610035,0.0011073730287043393,0.003539388594524679,0.024684462547217123,,1.2755750771897079
fp64-lmax-high,mnsol,float64,15,1202,653,653,0,full,653,1.2744677041610035,1.781251057218858,1.2744677041610035,0.0,0.0,0.0,,1.2744677041610035
fp64-lmax-low,freesolv,float64,1,1202,642,642,0,full,642,1.7156302784557484,2.220851844601282,1.5027845214571955,0.2128457569985529,0.5614124375464381,2.5853829607542025,,1.7156302784557484
fp64-lmax-low,freesolv,float64,2,1202,642,642,0,full,642,1.5976068520060231,2.0817341620300844,1.5027845214571955,0.0948223305488276,0.36213410942457075,1.5841951875134725,,1.5976068520060231
fp64-lmax-low,freesolv,float64,3,1202,642,642,0,full,642,1.5431307904355736,2.0125499039109376,1.5027845214571955,0.04034626897837801,0.17058512077379612,0.8127762154483227,,1.5431307904355736
fp64-lmax-low,freesolv,float64,4,1202,642,642,0,full,642,1.5273705873016985,1.9926877656802084,1.5027845214571955,0.024586065844502958,0.10885388456827017,0.5171545085379394,,1.5273705873016985
fp64-lmax-low,freesolv,float64,5,1202,642,642,0,full,642,1.518556511172003,1.9812951625338542,1.5027845214571955,0.01577198971480742,0.07018032450086316,0.38032985607806324,,1.518556511172003
fp64-lmax-low,mnsol,float64,1,1202,653,653,0,full,653,1.475983660282341,2.0240266769281807,1.2744677041610035,0.20151595612133755,0.44890527357271787,2.4575548234625764,,1.475983660282341
fp64-lmax-low,mnsol,float64,2,1202,653,653,0,full,653,1.3771938554082575,1.9131595463908702,1.2744677041610035,0.10272615124725393,0.2894640843852369,1.5357533102900227,,1.3771938554082575
fp64-lmax-low,mnsol,float64,3,1202,653,653,0,full,653,1.319295603579357,1.839305727179711,1.2744677041610035,0.04482789941835352,0.14090065029737384,0.7455283690653225,,1.319295603579357
fp64-lmax-low,mnsol,float64,4,1202,653,653,0,full,653,1.2999444896827672,1.8156327890784072,1.2744677041610035,0.02547678552176369,0.08611804165710066,0.513306509717566,,1.2999444896827672
fp64-lmax-low,mnsol,float64,5,1202,653,653,0,full,653,1.2911359421761768,1.803091798594114,1.2744677041610035,0.016668238015173253,0.05717179158916705,0.3704433891964598,,1.2911359421761768
